Matthew Holloway (ex-Matthew Cruickshank) <docvert@holloway.co.nz> <http://holloway.co.nz/>
Mark Rickerby <coretxt@gmail.com> <http://maetl.coretxt.net.nz/>
Cyrille Bonnet <cbonnet99@yahoo.fr>
Francois Marier <fmarier@gmail.com>
Sol Quimpo <sol@catalyst.net.nz>
Simon Pascal Klein <klepas@klepas.org> <pascal.klein@act.gov.au>